age_group_model,sex,weighted_life
0-17,female,72.0233566207591
0-17,male,67.2596976820951
18-29,female,57.2443157040283
18-29,male,52.7971024124185
30-39,female,47.6898381624502
30-39,male,43.604492067674
40-49,female,38.2555870192405
40-49,male,34.4325015865673
50-59,female,29.1258708442368
50-59,male,25.7895452262912
60-69,female,20.8519510780446
60-69,male,18.2233457665283
70-79,female,13.6117016346116
70-79,male,11.6880139349646
80+,female,5.02061423425447
80+,male,4.68010516998098
