parameter,starting_value,lower_limit,upper_limit,fitted_value,weight,measure_of_fit
recovery_rate_non_hosp,0.25,0.0833333333333333,0.5,0.302453965551408,1,13.4705387119309
recovery_rate_hosp,0.111111111111111,0.0416666666666667,0.166666666666667,0.126136140867063,1,13.4705387119309
permanent_non_hosp_prop,0.06,0.02,0.12,0.0509906690956229,1,13.4705387119309
permanent_hosp_prop,0.16,0.08,0.24,0.177763220478808,1,13.4705387119309
omicron_long_covid_multiplier,0.416666666666667,0.2,0.6,0.369204646695527,1,13.4705387119309
infection_longprob_multiplier,0.5,0.25,3,0.987724950746097,1,13.4705387119309
